{"version": "1", "message": "ERROR: Hidden Testcases server unreachable.", "problem_id": "ads2_m2_a1_1", "user_id": "dvs-shashank", "score": {"sample": {"0": {"execution_time": 0.3054168224334717, "passed": true}, "1": {"execution_time": 0.258012056350708, "passed": true}, "2": {"execution_time": 0.3712730407714844, "passed": true}, "3": {"execution_time": 0.24709224700927734, "passed": true}, "4": {"execution_time": 0.29890966415405273, "passed": true}, "5": {"execution_time": 0.24023842811584473, "passed": true}, "6": {"execution_time": 0.24385929107666016, "passed": true}, "7": {"execution_time": 0.2721061706542969, "passed": true}, "8": {"execution_time": 0.32347631454467773, "passed": true}, "9": {"execution_time": 0.3361222743988037, "passed": true}, "10": {"execution_time": 0.2659492492675781, "passed": true}, "11": {"execution_time": 0.3371543884277344, "passed": true}, "12": {"execution_time": 0.27329206466674805, "passed": true}, "13": {"execution_time": 0.2836475372314453, "passed": true}, "14": {"execution_time": 0.309842586517334, "passed": true}, "15": {"execution_time": 0.398545503616333, "passed": true}, "16": {"execution_time": 0.2716820240020752, "passed": true}, "17": {"execution_time": 0.43904829025268555, "passed": true}, "18": {"execution_time": 0.36041975021362305, "passed": true}, "19": {"execution_time": 0.2686953544616699, "passed": true}, "20": {"execution_time": 0.3144667148590088, "passed": true}, "21": {"execution_time": 0.23624134063720703, "passed": true}, "22": {"execution_time": 0.30967283248901367, "passed": true}, "23": {"execution_time": 0.41851377487182617, "passed": true}}}, "check_style_score": "0/1"}