{"version": "1", "message": "ERROR: Hidden Testcases server unreachable.", "problem_id": "ads2_m2_a1_1", "user_id": "dvs-shashank", "score": {"sample": {"0": {"execution_time": 0.3398160934448242, "passed": true}, "1": {"execution_time": 0.2852327823638916, "passed": true}, "2": {"execution_time": 0.25748729705810547, "passed": true}, "3": {"execution_time": 0.2805800437927246, "passed": true}, "4": {"execution_time": 0.23007512092590332, "passed": true}, "5": {"execution_time": 0.23572301864624023, "passed": true}, "6": {"execution_time": 0.26903247833251953, "passed": true}, "7": {"execution_time": 0.34281110763549805, "passed": true}, "8": {"execution_time": 0.3532683849334717, "passed": true}, "9": {"execution_time": 0.2863028049468994, "passed": true}, "10": {"execution_time": 0.2854030132293701, "passed": true}, "11": {"execution_time": 0.38542962074279785, "passed": true}, "12": {"execution_time": 0.29771971702575684, "passed": true}, "13": {"execution_time": 0.4335176944732666, "passed": true}, "14": {"execution_time": 0.41710877418518066, "passed": true}, "15": {"execution_time": 0.45320725440979004, "passed": true}, "16": {"execution_time": 0.3155632019042969, "passed": true}, "17": {"execution_time": 0.4600358009338379, "passed": true}, "18": {"execution_time": 0.34840846061706543, "passed": true}, "19": {"execution_time": 0.34475231170654297, "passed": true}, "20": {"execution_time": 0.2501809597015381, "passed": true}, "21": {"execution_time": 0.31598496437072754, "passed": true}, "22": {"execution_time": 0.40751028060913086, "passed": true}, "23": {"execution_time": 0.34760189056396484, "passed": true}}}, "check_style_score": "0/1"}