{"version": "1", "message": "ERROR: Hidden Testcases server unreachable.", "problem_id": "ads2_m2_a1_1", "user_id": "dvs-shashank", "score": {"sample": {"0": {"execution_time": 0.3355884552001953, "passed": true}, "1": {"execution_time": 0.3430514335632324, "passed": true}, "2": {"execution_time": 0.2373511791229248, "passed": true}, "3": {"execution_time": 0.24813604354858398, "passed": true}, "4": {"execution_time": 0.4020979404449463, "passed": true}, "5": {"execution_time": 0.21732568740844727, "passed": true}, "6": {"execution_time": 0.31743693351745605, "passed": true}, "7": {"execution_time": 0.25507307052612305, "passed": true}, "8": {"execution_time": 0.25859737396240234, "passed": true}, "9": {"execution_time": 0.29347944259643555, "passed": true}, "10": {"execution_time": 0.27521228790283203, "passed": true}, "11": {"execution_time": 0.2544856071472168, "passed": true}, "12": {"execution_time": 0.2259211540222168, "passed": true}, "13": {"execution_time": 0.38114500045776367, "passed": true}, "14": {"execution_time": 0.24146080017089844, "passed": true}, "15": {"execution_time": 0.39362430572509766, "passed": true}, "16": {"execution_time": 0.3950526714324951, "passed": true}, "17": {"execution_time": 0.3909578323364258, "passed": true}, "18": {"execution_time": 0.39237523078918457, "passed": true}, "19": {"execution_time": 0.5628008842468262, "passed": true}, "20": {"execution_time": 0.2719752788543701, "passed": true}, "21": {"execution_time": 0.4314606189727783, "passed": true}, "22": {"execution_time": 0.450878381729126, "passed": true}, "23": {"execution_time": 0.3947865962982178, "passed": true}}}, "check_style_score": "0/1"}