{"version": "1", "message": "ERROR: Hidden Testcases server unreachable.", "problem_id": "ads2_m4_a1_1", "user_id": "dvs-shashank", "score": {"sample": {"0": {"execution_time": 0.4299285411834717, "passed": true}, "1": {"execution_time": 0.387249231338501, "passed": false}, "2": {"execution_time": 0.2913215160369873, "passed": false}, "3": {"execution_time": 0.33411455154418945, "passed": false}, "4": {"execution_time": 0.3413965702056885, "passed": false}, "5": {"execution_time": 0.2994349002838135, "passed": false}, "6": {"execution_time": 0.3108556270599365, "passed": false}, "7": {"execution_time": 0.3417520523071289, "passed": false}, "8": {"execution_time": 0.4660205841064453, "passed": true}, "9": {"execution_time": 0.41294026374816895, "passed": true}, "10": {"execution_time": 0.32318639755249023, "passed": true}, "11": {"execution_time": 0.41190218925476074, "passed": true}, "12": {"execution_time": 0.2317960262298584, "passed": true}, "13": {"execution_time": 0.39256906509399414, "passed": false}, "14": {"execution_time": 0.2296450138092041, "passed": true}}}, "check_style_score": "0/1"}