{"version": "1", "message": "ERROR: Hidden Testcases server unreachable.", "problem_id": "ads2_m4_a1_1", "user_id": "dvs-shashank", "score": {"sample": {"0": {"execution_time": 0.4378082752227783, "passed": true}, "1": {"execution_time": 0.47900819778442383, "passed": false}, "2": {"execution_time": 0.4904487133026123, "passed": false}, "3": {"execution_time": 0.5911448001861572, "passed": false}, "4": {"execution_time": 0.49909234046936035, "passed": false}, "5": {"execution_time": 0.43941688537597656, "passed": false}, "6": {"execution_time": 0.4428997039794922, "passed": false}, "7": {"execution_time": 0.6047530174255371, "passed": false}, "8": {"execution_time": 0.3093709945678711, "passed": true}, "9": {"execution_time": 0.31856870651245117, "passed": true}, "10": {"execution_time": 0.20562338829040527, "passed": true}, "11": {"execution_time": 0.3116617202758789, "passed": true}, "12": {"execution_time": 0.24721693992614746, "passed": true}, "13": {"execution_time": 10.166502952575684, "passed": false}, "14": {"execution_time": 0.4090592861175537, "passed": true}}}, "check_style_score": "0/1"}