{"version": "1", "message": "ERROR: Hidden Testcases server unreachable.", "problem_id": "ads2_m4_a1_1", "user_id": "dvs-shashank", "score": {"sample": {"0": {"execution_time": 0.4813072681427002, "passed": true}, "1": {"execution_time": 0.4647390842437744, "passed": false}, "2": {"execution_time": 0.3467690944671631, "passed": false}, "3": {"execution_time": 0.5850522518157959, "passed": false}, "4": {"execution_time": 0.44794297218322754, "passed": false}, "5": {"execution_time": 0.46955132484436035, "passed": false}, "6": {"execution_time": 0.402890682220459, "passed": false}, "7": {"execution_time": 0.33275461196899414, "passed": false}, "8": {"execution_time": 0.36942386627197266, "passed": true}, "9": {"execution_time": 0.4139578342437744, "passed": true}, "10": {"execution_time": 0.3938717842102051, "passed": true}, "11": {"execution_time": 0.261580228805542, "passed": true}, "12": {"execution_time": 0.2796294689178467, "passed": true}, "13": {"execution_time": 1.4990861415863037, "passed": false}, "14": {"execution_time": 0.3764228820800781, "passed": true}}}, "check_style_score": "0/1"}