{"version": "1", "message": "ERROR: Hidden Testcases server unreachable.", "problem_id": "ads2_m4_a1_1", "user_id": "dvs-shashank", "score": {"sample": {"0": {"execution_time": 0.16426515579223633, "passed": false}, "1": {"execution_time": 0.16529011726379395, "passed": false}, "2": {"execution_time": 0.1855320930480957, "passed": false}, "3": {"execution_time": 0.1409916877746582, "passed": false}, "4": {"execution_time": 0.17591285705566406, "passed": false}, "5": {"execution_time": 0.16216826438903809, "passed": false}, "6": {"execution_time": 0.18401002883911133, "passed": false}, "7": {"execution_time": 0.13676095008850098, "passed": false}, "8": {"execution_time": 0.16487526893615723, "passed": false}, "9": {"execution_time": 0.19867658615112305, "passed": false}, "10": {"execution_time": 0.19394779205322266, "passed": false}, "11": {"execution_time": 0.1903231143951416, "passed": false}, "12": {"execution_time": 0.14788269996643066, "passed": false}, "13": {"execution_time": 0.1448993682861328, "passed": false}, "14": {"execution_time": 0.1877880096435547, "passed": false}}}, "check_style_score": "0/1"}