{"version": "1", "message": "ERROR: Hidden Testcases server unreachable.", "problem_id": "ads2_m4_a1_1", "user_id": "dvs-shashank", "score": {"sample": {"0": {"execution_time": 0.38045740127563477, "passed": true}, "1": {"execution_time": 0.37627673149108887, "passed": false}, "2": {"execution_time": 0.4507458209991455, "passed": false}, "3": {"execution_time": 0.27635669708251953, "passed": false}, "4": {"execution_time": 0.4551224708557129, "passed": false}, "5": {"execution_time": 0.43024253845214844, "passed": false}, "6": {"execution_time": 0.2829408645629883, "passed": false}, "7": {"execution_time": 0.362520694732666, "passed": false}, "8": {"execution_time": 0.41562318801879883, "passed": true}, "9": {"execution_time": 0.33344459533691406, "passed": true}, "10": {"execution_time": 0.35816097259521484, "passed": true}, "11": {"execution_time": 0.36487317085266113, "passed": true}, "12": {"execution_time": 0.32870006561279297, "passed": true}, "13": {"execution_time": 0.40184617042541504, "passed": false}, "14": {"execution_time": 0.2943565845489502, "passed": true}}}, "check_style_score": "0/1"}