{"version": "1", "message": "ERROR: Hidden Testcases server unreachable.", "problem_id": "ads2_m4_a1_1", "user_id": "dvs-shashank", "score": {"sample": {"0": {"execution_time": 0.5209572315216064, "passed": true}, "1": {"execution_time": 0.38939905166625977, "passed": false}, "2": {"execution_time": 0.26712703704833984, "passed": false}, "3": {"execution_time": 0.3375403881072998, "passed": false}, "4": {"execution_time": 0.35413432121276855, "passed": false}, "5": {"execution_time": 0.4546973705291748, "passed": false}, "6": {"execution_time": 0.3872382640838623, "passed": false}, "7": {"execution_time": 0.44830870628356934, "passed": false}, "8": {"execution_time": 0.5172741413116455, "passed": true}, "9": {"execution_time": 0.3707413673400879, "passed": true}, "10": {"execution_time": 0.4354414939880371, "passed": true}, "11": {"execution_time": 0.4384477138519287, "passed": true}, "12": {"execution_time": 0.27342772483825684, "passed": true}, "13": {"execution_time": 0.3677706718444824, "passed": false}, "14": {"execution_time": 0.4010646343231201, "passed": true}}}, "check_style_score": "0/1"}