{"version": "1", "message": "ERROR: Hidden Testcases server unreachable.", "problem_id": "ads2_m4_a1_1", "user_id": "dvs-shashank", "score": {"sample": {"0": {"execution_time": 0.26944565773010254, "passed": true}, "1": {"execution_time": 0.16615533828735352, "passed": false}, "2": {"execution_time": 0.18582391738891602, "passed": false}, "3": {"execution_time": 0.14113211631774902, "passed": false}, "4": {"execution_time": 0.16045451164245605, "passed": false}, "5": {"execution_time": 0.15435504913330078, "passed": false}, "6": {"execution_time": 0.14613723754882812, "passed": false}, "7": {"execution_time": 0.18037652969360352, "passed": false}, "8": {"execution_time": 0.2217426300048828, "passed": true}, "9": {"execution_time": 0.2129533290863037, "passed": false}, "10": {"execution_time": 0.2153153419494629, "passed": false}, "11": {"execution_time": 0.14861083030700684, "passed": false}, "12": {"execution_time": 0.1678323745727539, "passed": false}, "13": {"execution_time": 0.14511394500732422, "passed": false}, "14": {"execution_time": 0.20607233047485352, "passed": true}}}, "check_style_score": "0/1"}