{"version": "1", "message": "ERROR: Hidden Testcases server unreachable.", "problem_id": "ads2_m4_a1_1", "user_id": "dvs-shashank", "score": {"sample": {"0": {"execution_time": 0.31726503372192383, "passed": true}, "1": {"execution_time": 0.1969435214996338, "passed": false}, "2": {"execution_time": 0.3164980411529541, "passed": false}, "3": {"execution_time": 0.23671865463256836, "passed": false}, "4": {"execution_time": 0.2629971504211426, "passed": false}, "5": {"execution_time": 0.30002546310424805, "passed": false}, "6": {"execution_time": 0.3377645015716553, "passed": false}, "7": {"execution_time": 0.3080437183380127, "passed": false}, "8": {"execution_time": 0.363628625869751, "passed": true}, "9": {"execution_time": 0.23963594436645508, "passed": true}, "10": {"execution_time": 0.23698854446411133, "passed": true}, "11": {"execution_time": 0.27639269828796387, "passed": false}, "12": {"execution_time": 0.28008460998535156, "passed": false}, "13": {"execution_time": 0.33068418502807617, "passed": false}, "14": {"execution_time": 0.2557408809661865, "passed": true}}}, "check_style_score": "0/1"}