{"version": "1", "message": "ERROR: Hidden Testcases server unreachable.", "problem_id": "ads2_m4_a1_1", "user_id": "dvs-shashank", "score": {"sample": {"0": {"execution_time": 0.20043587684631348, "passed": true}, "1": {"execution_time": 0.18839263916015625, "passed": false}, "2": {"execution_time": 0.17104625701904297, "passed": false}, "3": {"execution_time": 0.1497354507446289, "passed": false}, "4": {"execution_time": 0.15761923789978027, "passed": false}, "5": {"execution_time": 0.21854615211486816, "passed": false}, "6": {"execution_time": 0.14953994750976562, "passed": false}, "7": {"execution_time": 0.1325228214263916, "passed": false}, "8": {"execution_time": 0.2278749942779541, "passed": true}, "9": {"execution_time": 0.19784903526306152, "passed": true}, "10": {"execution_time": 0.1747889518737793, "passed": true}, "11": {"execution_time": 0.14813876152038574, "passed": true}, "12": {"execution_time": 0.15996432304382324, "passed": true}, "13": {"execution_time": 0.20440888404846191, "passed": false}, "14": {"execution_time": 0.19251728057861328, "passed": true}}}, "check_style_score": "0/1"}