{"version": "1", "message": "ERROR: Hidden Testcases server unreachable.", "problem_id": "ads2_m4_a1_1", "user_id": "dvs-shashank", "score": {"sample": {"0": {"execution_time": 0.3671395778656006, "passed": false}, "1": {"execution_time": 0.30278754234313965, "passed": false}, "2": {"execution_time": 0.22512197494506836, "passed": false}, "3": {"execution_time": 0.28336000442504883, "passed": false}, "4": {"execution_time": 0.30243563652038574, "passed": false}, "5": {"execution_time": 0.342134952545166, "passed": false}, "6": {"execution_time": 0.37966489791870117, "passed": false}, "7": {"execution_time": 0.37911462783813477, "passed": false}, "8": {"execution_time": 0.2802755832672119, "passed": false}, "9": {"execution_time": 0.4470806121826172, "passed": false}, "10": {"execution_time": 0.4526026248931885, "passed": false}, "11": {"execution_time": 0.42900729179382324, "passed": false}, "12": {"execution_time": 0.37058138847351074, "passed": false}, "13": {"execution_time": 0.30623507499694824, "passed": false}, "14": {"execution_time": 0.3816337585449219, "passed": true}}}, "check_style_score": "0/1"}