{"version": "1", "message": "ERROR: Hidden Testcases server unreachable.", "problem_id": "ads2_m4_a1_1", "user_id": "dvs-shashank", "score": {"sample": {"0": {"execution_time": 0.43450355529785156, "passed": true}, "1": {"execution_time": 0.3937699794769287, "passed": false}, "2": {"execution_time": 0.4727752208709717, "passed": false}, "3": {"execution_time": 0.35655951499938965, "passed": false}, "4": {"execution_time": 0.4889700412750244, "passed": false}, "5": {"execution_time": 0.4983983039855957, "passed": false}, "6": {"execution_time": 0.5541248321533203, "passed": false}, "7": {"execution_time": 0.476377010345459, "passed": false}, "8": {"execution_time": 0.45768070220947266, "passed": true}, "9": {"execution_time": 0.4171173572540283, "passed": true}, "10": {"execution_time": 0.26091527938842773, "passed": true}, "11": {"execution_time": 0.4116957187652588, "passed": true}, "12": {"execution_time": 0.3079092502593994, "passed": true}, "13": {"execution_time": 0.31035375595092773, "passed": false}, "14": {"execution_time": 0.35392045974731445, "passed": true}}}, "check_style_score": "0/1"}