{"version": "1", "message": "ERROR: Hidden Testcases server unreachable.", "problem_id": "ads2_m4_a1_1", "user_id": "dvs-shashank", "score": {"sample": {"0": {"execution_time": 0.32727503776550293, "passed": true}, "1": {"execution_time": 0.46965479850769043, "passed": false}, "2": {"execution_time": 0.33780407905578613, "passed": false}, "3": {"execution_time": 0.40957140922546387, "passed": false}, "4": {"execution_time": 0.41027021408081055, "passed": false}, "5": {"execution_time": 0.33993029594421387, "passed": false}, "6": {"execution_time": 0.3088674545288086, "passed": false}, "7": {"execution_time": 0.2818899154663086, "passed": false}, "8": {"execution_time": 0.46906065940856934, "passed": false}, "9": {"execution_time": 0.31943321228027344, "passed": false}, "10": {"execution_time": 0.38374972343444824, "passed": false}, "11": {"execution_time": 0.3753819465637207, "passed": false}, "12": {"execution_time": 0.36821436882019043, "passed": false}, "13": {"execution_time": 0.32358503341674805, "passed": false}, "14": {"execution_time": 0.36400699615478516, "passed": false}}}, "check_style_score": "0/1"}