{"version": "1", "message": "ERROR: Hidden Testcases server unreachable.", "problem_id": "ads2_m4_a1_1", "user_id": "dvs-shashank", "score": {"sample": {"0": {"execution_time": 0.3630368709564209, "passed": true}, "1": {"execution_time": 0.5867753028869629, "passed": false}, "2": {"execution_time": 0.34671664237976074, "passed": false}, "3": {"execution_time": 0.34522032737731934, "passed": false}, "4": {"execution_time": 0.5387508869171143, "passed": false}, "5": {"execution_time": 0.4852027893066406, "passed": false}, "6": {"execution_time": 0.5833959579467773, "passed": false}, "7": {"execution_time": 0.48253655433654785, "passed": false}, "8": {"execution_time": 0.36631202697753906, "passed": true}, "9": {"execution_time": 0.36701202392578125, "passed": true}, "10": {"execution_time": 0.30484938621520996, "passed": true}, "11": {"execution_time": 0.51320481300354, "passed": false}, "12": {"execution_time": 0.25656604766845703, "passed": false}, "13": {"execution_time": 0.3894491195678711, "passed": false}, "14": {"execution_time": 0.41405653953552246, "passed": true}}}, "check_style_score": "0/1"}