{"version": "1", "message": "ERROR: Hidden Testcases server unreachable.", "problem_id": "ads2_m4_a1_1", "user_id": "dvs-shashank", "score": {"sample": {"0": {"execution_time": 0.35123682022094727, "passed": true}, "1": {"execution_time": 0.49987173080444336, "passed": false}, "2": {"execution_time": 0.3415250778198242, "passed": false}, "3": {"execution_time": 0.44212937355041504, "passed": false}, "4": {"execution_time": 0.41376519203186035, "passed": false}, "5": {"execution_time": 0.5761187076568604, "passed": false}, "6": {"execution_time": 0.4730565547943115, "passed": false}, "7": {"execution_time": 0.4655802249908447, "passed": false}, "8": {"execution_time": 0.33881640434265137, "passed": true}, "9": {"execution_time": 0.3160881996154785, "passed": true}, "10": {"execution_time": 0.40496182441711426, "passed": true}, "11": {"execution_time": 0.3361189365386963, "passed": true}, "12": {"execution_time": 0.37584853172302246, "passed": true}, "13": {"execution_time": 0.2722785472869873, "passed": false}, "14": {"execution_time": 0.3129391670227051, "passed": true}}}, "check_style_score": "0/1"}