{"version": "1", "message": "ERROR: Hidden Testcases server unreachable.", "problem_id": "ads2_m4_a1_1", "user_id": "dvs-shashank", "score": {"sample": {"0": {"execution_time": 0.41214752197265625, "passed": true}, "1": {"execution_time": 0.5542581081390381, "passed": false}, "2": {"execution_time": 0.3433370590209961, "passed": false}, "3": {"execution_time": 0.524648904800415, "passed": false}, "4": {"execution_time": 0.43486881256103516, "passed": false}, "5": {"execution_time": 0.45940542221069336, "passed": false}, "6": {"execution_time": 0.40639209747314453, "passed": false}, "7": {"execution_time": 0.28546833992004395, "passed": false}, "8": {"execution_time": 0.384047269821167, "passed": true}, "9": {"execution_time": 0.44289350509643555, "passed": true}, "10": {"execution_time": 0.3502011299133301, "passed": true}, "11": {"execution_time": 0.41722702980041504, "passed": true}, "12": {"execution_time": 0.31420230865478516, "passed": true}, "13": {"execution_time": 1.3577234745025635, "passed": false}, "14": {"execution_time": 0.4009685516357422, "passed": true}}}, "check_style_score": "0/1"}