{"version": "1", "message": "ERROR: Hidden Testcases server unreachable.", "problem_id": "ads2_m4_a1_1", "user_id": "dvs-shashank", "score": {"sample": {"0": {"execution_time": 0.24259018898010254, "passed": true}, "1": {"execution_time": 0.14912891387939453, "passed": false}, "2": {"execution_time": 0.17175030708312988, "passed": false}, "3": {"execution_time": 0.18457603454589844, "passed": false}, "4": {"execution_time": 0.1571197509765625, "passed": false}, "5": {"execution_time": 0.16928768157958984, "passed": false}, "6": {"execution_time": 0.15190744400024414, "passed": false}, "7": {"execution_time": 0.18024253845214844, "passed": false}, "8": {"execution_time": 0.23751592636108398, "passed": true}, "9": {"execution_time": 0.20194077491760254, "passed": false}, "10": {"execution_time": 0.20716238021850586, "passed": false}, "11": {"execution_time": 0.15497207641601562, "passed": false}, "12": {"execution_time": 0.13605141639709473, "passed": false}, "13": {"execution_time": 0.1481630802154541, "passed": false}, "14": {"execution_time": 0.2335951328277588, "passed": true}}}, "check_style_score": "0/1"}