{"version": "1", "message": "ERROR: Hidden Testcases server unreachable.", "problem_id": "ads2_m4_a1_1", "user_id": "dvs-shashank", "score": {"sample": {"0": {"execution_time": 0.5337371826171875, "passed": true}, "1": {"execution_time": 0.33106303215026855, "passed": false}, "2": {"execution_time": 0.2634572982788086, "passed": false}, "3": {"execution_time": 0.3011918067932129, "passed": false}, "4": {"execution_time": 0.2817962169647217, "passed": false}, "5": {"execution_time": 0.41764402389526367, "passed": false}, "6": {"execution_time": 0.34131574630737305, "passed": false}, "7": {"execution_time": 0.2889573574066162, "passed": false}, "8": {"execution_time": 0.4265744686126709, "passed": true}, "9": {"execution_time": 0.29367542266845703, "passed": false}, "10": {"execution_time": 0.399385929107666, "passed": false}, "11": {"execution_time": 0.2633671760559082, "passed": false}, "12": {"execution_time": 0.35028910636901855, "passed": false}, "13": {"execution_time": 0.2858138084411621, "passed": false}, "14": {"execution_time": 0.37218737602233887, "passed": true}}}, "check_style_score": "0/1"}