{"version": "1", "message": "ERROR: Hidden Testcases server unreachable.", "problem_id": "ads2_m4_a1_1", "user_id": "dvs-shashank", "score": {"sample": {"0": {"execution_time": 0.42568063735961914, "passed": false}, "1": {"execution_time": 0.44565844535827637, "passed": false}, "2": {"execution_time": 0.4880669116973877, "passed": false}, "3": {"execution_time": 0.4081859588623047, "passed": false}, "4": {"execution_time": 0.4052155017852783, "passed": false}, "5": {"execution_time": 0.4927175045013428, "passed": false}, "6": {"execution_time": 0.4568657875061035, "passed": false}, "7": {"execution_time": 0.5063800811767578, "passed": false}, "8": {"execution_time": 0.3911921977996826, "passed": false}, "9": {"execution_time": 0.3079259395599365, "passed": false}, "10": {"execution_time": 0.26187968254089355, "passed": false}, "11": {"execution_time": 0.3699922561645508, "passed": false}, "12": {"execution_time": 0.3939361572265625, "passed": false}, "13": {"execution_time": 0.4135422706604004, "passed": false}, "14": {"execution_time": 0.37257957458496094, "passed": false}}}, "check_style_score": "0/1"}