{"version": "1", "message": "ERROR: Hidden Testcases server unreachable.", "problem_id": "ads2_m4_a1_1", "user_id": "dvs-shashank", "score": {"sample": {"0": {"execution_time": 0.366945743560791, "passed": true}, "1": {"execution_time": 0.44220447540283203, "passed": false}, "2": {"execution_time": 0.38703489303588867, "passed": false}, "3": {"execution_time": 0.4077146053314209, "passed": false}, "4": {"execution_time": 0.5050351619720459, "passed": false}, "5": {"execution_time": 0.411637544631958, "passed": false}, "6": {"execution_time": 0.37976908683776855, "passed": false}, "7": {"execution_time": 0.5918059349060059, "passed": false}, "8": {"execution_time": 0.47274255752563477, "passed": true}, "9": {"execution_time": 0.4328911304473877, "passed": true}, "10": {"execution_time": 0.37206435203552246, "passed": true}, "11": {"execution_time": 0.37078309059143066, "passed": false}, "12": {"execution_time": 0.3872251510620117, "passed": false}, "13": {"execution_time": 0.40097880363464355, "passed": false}, "14": {"execution_time": 0.43477463722229004, "passed": true}}}, "check_style_score": "0/1"}