{"version": "1", "message": "ERROR: Hidden Testcases server unreachable.", "problem_id": "ads2_m4_a1_1", "user_id": "dvs-shashank", "score": {"sample": {"0": {"execution_time": 0.1901261806488037, "passed": true}, "1": {"execution_time": 0.1516268253326416, "passed": false}, "2": {"execution_time": 0.15279459953308105, "passed": false}, "3": {"execution_time": 0.14041805267333984, "passed": false}, "4": {"execution_time": 0.15481066703796387, "passed": false}, "5": {"execution_time": 0.16747188568115234, "passed": false}, "6": {"execution_time": 0.17237639427185059, "passed": false}, "7": {"execution_time": 0.15378594398498535, "passed": false}, "8": {"execution_time": 0.20545029640197754, "passed": true}, "9": {"execution_time": 0.18249726295471191, "passed": true}, "10": {"execution_time": 0.16324448585510254, "passed": true}, "11": {"execution_time": 0.16714072227478027, "passed": false}, "12": {"execution_time": 0.150773286819458, "passed": false}, "13": {"execution_time": 0.13978338241577148, "passed": false}, "14": {"execution_time": 0.17763257026672363, "passed": true}}}, "check_style_score": "0/1"}