{"version": "1", "message": "ERROR: Hidden Testcases server unreachable.", "problem_id": "ads2_m4_a1_1", "user_id": "dvs-shashank", "score": {"sample": {"0": {"execution_time": 0.4399440288543701, "passed": true}, "1": {"execution_time": 0.5245361328125, "passed": false}, "2": {"execution_time": 0.4210066795349121, "passed": false}, "3": {"execution_time": 0.2904829978942871, "passed": false}, "4": {"execution_time": 0.38778114318847656, "passed": false}, "5": {"execution_time": 0.4387378692626953, "passed": false}, "6": {"execution_time": 0.31314778327941895, "passed": false}, "7": {"execution_time": 0.38051843643188477, "passed": false}, "8": {"execution_time": 0.45045042037963867, "passed": true}, "9": {"execution_time": 0.3904385566711426, "passed": true}, "10": {"execution_time": 0.2957732677459717, "passed": true}, "11": {"execution_time": 0.5335040092468262, "passed": false}, "12": {"execution_time": 0.32059168815612793, "passed": false}, "13": {"execution_time": 0.36859893798828125, "passed": false}, "14": {"execution_time": 0.3591470718383789, "passed": true}}}, "check_style_score": "0/1"}