{"version": "1", "message": "ERROR: Hidden Testcases server unreachable.", "problem_id": "ads2_m4_a1_1", "user_id": "dvs-shashank", "score": {"sample": {"0": {"execution_time": 0.3236198425292969, "passed": true}, "1": {"execution_time": 0.4655649662017822, "passed": false}, "2": {"execution_time": 0.4123830795288086, "passed": false}, "3": {"execution_time": 0.2521677017211914, "passed": false}, "4": {"execution_time": 0.29279279708862305, "passed": false}, "5": {"execution_time": 0.2508542537689209, "passed": false}, "6": {"execution_time": 0.26458096504211426, "passed": false}, "7": {"execution_time": 0.33850622177124023, "passed": false}, "8": {"execution_time": 0.5742807388305664, "passed": false}, "9": {"execution_time": 0.46292757987976074, "passed": false}, "10": {"execution_time": 0.4185788631439209, "passed": false}, "11": {"execution_time": 0.30938267707824707, "passed": false}, "12": {"execution_time": 0.33458495140075684, "passed": false}, "13": {"execution_time": 0.2506864070892334, "passed": false}, "14": {"execution_time": 0.3527193069458008, "passed": true}}}, "check_style_score": "0/1"}