{"version": "1", "message": "ERROR: Hidden Testcases server unreachable.", "problem_id": "ads2_m4_a1_1", "user_id": "dvs-shashank", "score": {"sample": {"0": {"execution_time": 0.3577263355255127, "passed": true}, "1": {"execution_time": 0.3272838592529297, "passed": false}, "2": {"execution_time": 0.30518484115600586, "passed": false}, "3": {"execution_time": 0.32933473587036133, "passed": false}, "4": {"execution_time": 0.3473629951477051, "passed": false}, "5": {"execution_time": 0.3746466636657715, "passed": false}, "6": {"execution_time": 0.39002394676208496, "passed": false}, "7": {"execution_time": 0.3647012710571289, "passed": false}, "8": {"execution_time": 0.4628787040710449, "passed": true}, "9": {"execution_time": 0.36278700828552246, "passed": true}, "10": {"execution_time": 0.36374735832214355, "passed": true}, "11": {"execution_time": 0.35361194610595703, "passed": true}, "12": {"execution_time": 0.32921290397644043, "passed": true}, "13": {"execution_time": 0.3099982738494873, "passed": false}, "14": {"execution_time": 0.34766173362731934, "passed": true}}}, "check_style_score": "0/1"}