{"version": "1", "message": "ERROR: Hidden Testcases server unreachable.", "problem_id": "ads2_m4_a1_1", "user_id": "dvs-shashank", "score": {"sample": {"0": {"execution_time": 0.452045202255249, "passed": true}, "1": {"execution_time": 0.3586866855621338, "passed": false}, "2": {"execution_time": 0.35875511169433594, "passed": false}, "3": {"execution_time": 0.49730658531188965, "passed": false}, "4": {"execution_time": 0.26654839515686035, "passed": false}, "5": {"execution_time": 0.3490574359893799, "passed": false}, "6": {"execution_time": 0.4594917297363281, "passed": false}, "7": {"execution_time": 0.36449146270751953, "passed": false}, "8": {"execution_time": 0.35799622535705566, "passed": true}, "9": {"execution_time": 0.32883310317993164, "passed": true}, "10": {"execution_time": 0.3129274845123291, "passed": true}, "11": {"execution_time": 0.3201727867126465, "passed": true}, "12": {"execution_time": 0.315474271774292, "passed": true}, "13": {"execution_time": 1.4033098220825195, "passed": false}, "14": {"execution_time": 0.4942800998687744, "passed": true}}}, "check_style_score": "0/1"}