{"version": "1", "message": "ERROR: Hidden Testcases server unreachable.", "problem_id": "ads2_m4_a1_1", "user_id": "dvs-shashank", "score": {"sample": {"0": {"execution_time": 0.3485989570617676, "passed": true}, "1": {"execution_time": 0.3871190547943115, "passed": false}, "2": {"execution_time": 0.25798487663269043, "passed": false}, "3": {"execution_time": 0.3127148151397705, "passed": false}, "4": {"execution_time": 0.34285902976989746, "passed": false}, "5": {"execution_time": 0.27045202255249023, "passed": false}, "6": {"execution_time": 0.4502685070037842, "passed": false}, "7": {"execution_time": 0.31911706924438477, "passed": false}, "8": {"execution_time": 0.40956759452819824, "passed": true}, "9": {"execution_time": 0.3593611717224121, "passed": true}, "10": {"execution_time": 0.2605738639831543, "passed": true}, "11": {"execution_time": 0.3603224754333496, "passed": true}, "12": {"execution_time": 0.28702664375305176, "passed": true}, "13": {"execution_time": 0.24697089195251465, "passed": false}, "14": {"execution_time": 0.41329026222229004, "passed": true}}}, "check_style_score": "0/1"}