{"version": "1", "message": "ERROR: Hidden Testcases server unreachable.", "problem_id": "ads2_m4_a1_1", "user_id": "dvs-shashank", "score": {"sample": {"0": {"execution_time": 0.5104579925537109, "passed": true}, "1": {"execution_time": 0.35637521743774414, "passed": true}, "2": {"execution_time": 0.52303147315979, "passed": true}, "3": {"execution_time": 0.5930972099304199, "passed": true}, "4": {"execution_time": 0.32805490493774414, "passed": true}, "5": {"execution_time": 0.5158689022064209, "passed": true}, "6": {"execution_time": 0.4268021583557129, "passed": true}, "7": {"execution_time": 0.3829772472381592, "passed": true}, "8": {"execution_time": 0.44002676010131836, "passed": true}, "9": {"execution_time": 0.45000457763671875, "passed": true}, "10": {"execution_time": 0.4263319969177246, "passed": true}, "11": {"execution_time": 0.2413318157196045, "passed": true}, "12": {"execution_time": 0.38662004470825195, "passed": true}, "13": {"execution_time": 5.456640005111694, "passed": true}, "14": {"execution_time": 0.27552318572998047, "passed": true}}}, "check_style_score": "0/1"}