{"version": "1", "message": "ERROR: Hidden Testcases server unreachable.", "problem_id": "ads2_m4_a1_1", "user_id": "dvs-shashank", "score": {"sample": {"0": {"execution_time": 0.4130387306213379, "passed": true}, "1": {"execution_time": 0.4782848358154297, "passed": false}, "2": {"execution_time": 0.3636589050292969, "passed": false}, "3": {"execution_time": 0.3779439926147461, "passed": false}, "4": {"execution_time": 0.42648839950561523, "passed": false}, "5": {"execution_time": 0.4183201789855957, "passed": false}, "6": {"execution_time": 0.4066586494445801, "passed": false}, "7": {"execution_time": 0.39403605461120605, "passed": false}, "8": {"execution_time": 0.37331271171569824, "passed": true}, "9": {"execution_time": 0.37111401557922363, "passed": true}, "10": {"execution_time": 0.41954755783081055, "passed": true}, "11": {"execution_time": 0.42530298233032227, "passed": false}, "12": {"execution_time": 0.40899085998535156, "passed": false}, "13": {"execution_time": 0.4416837692260742, "passed": false}, "14": {"execution_time": 0.3964719772338867, "passed": true}}}, "check_style_score": "0/1"}