{"version": "1", "message": "ERROR: Hidden Testcases server unreachable.", "problem_id": "ads2_m4_a1_1", "user_id": "dvs-shashank", "score": {"sample": {"0": {"execution_time": 0.43482232093811035, "passed": true}, "1": {"execution_time": 0.3396737575531006, "passed": false}, "2": {"execution_time": 0.4392833709716797, "passed": false}, "3": {"execution_time": 0.3954498767852783, "passed": false}, "4": {"execution_time": 0.4484236240386963, "passed": false}, "5": {"execution_time": 0.45386338233947754, "passed": false}, "6": {"execution_time": 0.43341565132141113, "passed": false}, "7": {"execution_time": 0.4617323875427246, "passed": false}, "8": {"execution_time": 0.38855934143066406, "passed": true}, "9": {"execution_time": 0.4525182247161865, "passed": true}, "10": {"execution_time": 0.3832409381866455, "passed": true}, "11": {"execution_time": 0.30478882789611816, "passed": true}, "12": {"execution_time": 0.2777841091156006, "passed": true}, "13": {"execution_time": 0.29011964797973633, "passed": false}, "14": {"execution_time": 0.37801027297973633, "passed": true}}}, "check_style_score": "0/1"}