{"version": "1", "message": "ERROR: Hidden Testcases server unreachable.", "problem_id": "ads2_m4_a1_1", "user_id": "dvs-shashank", "score": {"sample": {"0": {"execution_time": 0.2295980453491211, "passed": true}, "1": {"execution_time": 0.3440272808074951, "passed": false}, "2": {"execution_time": 0.4246492385864258, "passed": false}, "3": {"execution_time": 0.386491060256958, "passed": false}, "4": {"execution_time": 0.38773560523986816, "passed": false}, "5": {"execution_time": 0.22839570045471191, "passed": false}, "6": {"execution_time": 0.343156099319458, "passed": false}, "7": {"execution_time": 0.32846570014953613, "passed": false}, "8": {"execution_time": 0.49108195304870605, "passed": true}, "9": {"execution_time": 0.41954469680786133, "passed": true}, "10": {"execution_time": 0.28968095779418945, "passed": true}, "11": {"execution_time": 0.25258421897888184, "passed": false}, "12": {"execution_time": 0.39087605476379395, "passed": false}, "13": {"execution_time": 0.3448672294616699, "passed": false}, "14": {"execution_time": 0.40181946754455566, "passed": true}}}, "check_style_score": "0/1"}