{"version": "1", "message": "ERROR: Hidden Testcases server unreachable.", "problem_id": "ads2_m4_a1_1", "user_id": "dvs-shashank", "score": {"sample": {"0": {"execution_time": 0.5276453495025635, "passed": false}, "1": {"execution_time": 0.3756086826324463, "passed": false}, "2": {"execution_time": 0.6317799091339111, "passed": false}, "3": {"execution_time": 0.5582363605499268, "passed": false}, "4": {"execution_time": 0.5096595287322998, "passed": false}, "5": {"execution_time": 0.4504506587982178, "passed": false}, "6": {"execution_time": 0.45255160331726074, "passed": false}, "7": {"execution_time": 0.4065847396850586, "passed": false}, "8": {"execution_time": 0.38307714462280273, "passed": false}, "9": {"execution_time": 0.32150745391845703, "passed": true}, "10": {"execution_time": 0.3700432777404785, "passed": true}, "11": {"execution_time": 0.383746862411499, "passed": true}, "12": {"execution_time": 0.33246374130249023, "passed": true}, "13": {"execution_time": 10.202294111251831, "passed": false}, "14": {"execution_time": 0.45725274085998535, "passed": true}}}, "check_style_score": "0/1"}