{"version": "1", "message": "ERROR: Hidden Testcases server unreachable.", "problem_id": "ads2_m4_a1_1", "user_id": "dvs-shashank", "score": {"sample": {"0": {"execution_time": 0.5253748893737793, "passed": true}, "1": {"execution_time": 0.4089643955230713, "passed": false}, "2": {"execution_time": 0.6022779941558838, "passed": false}, "3": {"execution_time": 0.3859260082244873, "passed": false}, "4": {"execution_time": 0.5131042003631592, "passed": false}, "5": {"execution_time": 0.3393559455871582, "passed": false}, "6": {"execution_time": 0.3288848400115967, "passed": false}, "7": {"execution_time": 0.3727381229400635, "passed": false}, "8": {"execution_time": 0.4162411689758301, "passed": true}, "9": {"execution_time": 0.4268310070037842, "passed": true}, "10": {"execution_time": 0.30791449546813965, "passed": true}, "11": {"execution_time": 0.30626392364501953, "passed": true}, "12": {"execution_time": 0.3851611614227295, "passed": true}, "13": {"execution_time": 1.2964386940002441, "passed": false}, "14": {"execution_time": 0.3856039047241211, "passed": true}}}, "check_style_score": "0/1"}