{"version": "1", "message": "ERROR: Hidden Testcases server unreachable.", "problem_id": "ads2_m4_a1_1", "user_id": "dvs-shashank", "score": {"sample": {"0": {"execution_time": 0.42244982719421387, "passed": false}, "1": {"execution_time": 0.25217461585998535, "passed": false}, "2": {"execution_time": 0.3149604797363281, "passed": false}, "3": {"execution_time": 0.3311796188354492, "passed": false}, "4": {"execution_time": 0.454073429107666, "passed": false}, "5": {"execution_time": 0.4027266502380371, "passed": false}, "6": {"execution_time": 0.5003628730773926, "passed": false}, "7": {"execution_time": 0.4530043601989746, "passed": false}, "8": {"execution_time": 0.4828028678894043, "passed": false}, "9": {"execution_time": 0.33942461013793945, "passed": false}, "10": {"execution_time": 0.281383752822876, "passed": false}, "11": {"execution_time": 0.28354334831237793, "passed": true}, "12": {"execution_time": 0.2609422206878662, "passed": true}, "13": {"execution_time": 0.35015058517456055, "passed": false}, "14": {"execution_time": 0.34327006340026855, "passed": false}}}, "check_style_score": "0/1"}