{"version": "1", "message": "ERROR: Hidden Testcases server unreachable.", "problem_id": "ads2_m4_a1_1", "user_id": "dvs-shashank", "score": {"sample": {"0": {"execution_time": 0.4069843292236328, "passed": true}, "1": {"execution_time": 0.4620187282562256, "passed": false}, "2": {"execution_time": 0.3879077434539795, "passed": false}, "3": {"execution_time": 0.30626654624938965, "passed": false}, "4": {"execution_time": 0.41872406005859375, "passed": false}, "5": {"execution_time": 0.44912052154541016, "passed": false}, "6": {"execution_time": 0.5803983211517334, "passed": false}, "7": {"execution_time": 0.35762596130371094, "passed": false}, "8": {"execution_time": 0.376192569732666, "passed": true}, "9": {"execution_time": 0.2555396556854248, "passed": true}, "10": {"execution_time": 0.3554227352142334, "passed": true}, "11": {"execution_time": 0.45612239837646484, "passed": false}, "12": {"execution_time": 0.3114283084869385, "passed": false}, "13": {"execution_time": 0.4229147434234619, "passed": false}, "14": {"execution_time": 0.34283947944641113, "passed": true}}}, "check_style_score": "0/1"}