{"version": "1", "message": "ERROR: Hidden Testcases server unreachable.", "problem_id": "ads2_m16_a1_1", "user_id": "dvs-shashank", "score": {"sample": {"0": {"execution_time": 0.23874187469482422, "passed": true}, "1": {"execution_time": 0.2656261920928955, "passed": true}, "2": {"execution_time": 0.5224452018737793, "passed": true}, "3": {"execution_time": 0.5191013813018799, "passed": true}, "4": {"execution_time": 0.5250661373138428, "passed": true}, "5": {"execution_time": 0.5225625038146973, "passed": true}, "6": {"execution_time": 0.5238118171691895, "passed": true}, "7": {"execution_time": 0.523921012878418, "passed": true}, "8": {"execution_time": 0.30870819091796875, "passed": true}, "9": {"execution_time": 0.5670516490936279, "passed": true}, "10": {"execution_time": 0.648808479309082, "passed": true}, "11": {"execution_time": 3.5836238861083984, "passed": true}, "12": {"execution_time": 0.5197625160217285, "passed": true}, "13": {"execution_time": 0.27930593490600586, "passed": true}, "14": {"execution_time": 0.5229640007019043, "passed": true}, "15": {"execution_time": 0.5710568428039551, "passed": true}, "16": {"execution_time": 0.27226781845092773, "passed": true}, "17": {"execution_time": 0.3038170337677002, "passed": true}, "18": {"execution_time": 0.27184033393859863, "passed": true}, "19": {"execution_time": 0.30260276794433594, "passed": true}, "20": {"execution_time": 0.3165912628173828, "passed": true}, "21": {"execution_time": 0.30877208709716797, "passed": true}, "22": {"execution_time": 0.31139159202575684, "passed": true}, "23": {"execution_time": 0.31001925468444824, "passed": true}, "24": {"execution_time": 0.2605140209197998, "passed": true}, "25": {"execution_time": 0.6336748600006104, "passed": true}, "26": {"execution_time": 0.5531651973724365, "passed": true}, "27": {"execution_time": 0.6600267887115479, "passed": true}, "28": {"execution_time": 1.0186264514923096, "passed": true}, "29": {"execution_time": 0.2619020938873291, "passed": true}}}, "check_style_score": "1/1"}