{"version": "1", "message": "ERROR: Hidden Testcases server unreachable.", "problem_id": "ads2_m16_a1_1", "user_id": "dvs-shashank", "score": {"sample": {"0": {"execution_time": 1.1583318710327148, "passed": true}, "1": {"execution_time": 0.37917208671569824, "passed": true}, "2": {"execution_time": 0.796654462814331, "passed": true}, "3": {"execution_time": 0.6060614585876465, "passed": true}, "4": {"execution_time": 0.6741154193878174, "passed": true}, "5": {"execution_time": 0.7070479393005371, "passed": true}, "6": {"execution_time": 0.5606777667999268, "passed": true}, "7": {"execution_time": 0.7055869102478027, "passed": true}, "8": {"execution_time": 0.4931337833404541, "passed": true}, "9": {"execution_time": 0.5083332061767578, "passed": true}, "10": {"execution_time": 0.528684139251709, "passed": true}, "11": {"execution_time": 3.611668586730957, "passed": true}, "12": {"execution_time": 0.5421533584594727, "passed": true}, "13": {"execution_time": 0.2547769546508789, "passed": true}, "14": {"execution_time": 0.5305922031402588, "passed": true}, "15": {"execution_time": 0.5832114219665527, "passed": true}, "16": {"execution_time": 0.32967448234558105, "passed": true}, "17": {"execution_time": 0.2895963191986084, "passed": true}, "18": {"execution_time": 0.3171846866607666, "passed": true}, "19": {"execution_time": 0.31902647018432617, "passed": true}, "20": {"execution_time": 0.3318178653717041, "passed": true}, "21": {"execution_time": 0.37368130683898926, "passed": true}, "22": {"execution_time": 0.30310606956481934, "passed": true}, "23": {"execution_time": 0.38156795501708984, "passed": true}, "24": {"execution_time": 0.2715322971343994, "passed": true}, "25": {"execution_time": 0.5756516456604004, "passed": true}, "26": {"execution_time": 0.5228314399719238, "passed": true}, "27": {"execution_time": 0.9351181983947754, "passed": true}, "28": {"execution_time": 1.0211331844329834, "passed": true}, "29": {"execution_time": 0.31702351570129395, "passed": false}}}, "check_style_score": "0/1"}