{"version": "1", "message": "ERROR: Hidden Testcases server unreachable.", "problem_id": "ads2_m16_a1_1", "user_id": "dvs-shashank", "score": {"sample": {"0": {"execution_time": 0.2765214443206787, "passed": true}, "1": {"execution_time": 0.30434751510620117, "passed": true}, "2": {"execution_time": 0.5246491432189941, "passed": true}, "3": {"execution_time": 0.5524311065673828, "passed": true}, "4": {"execution_time": 0.5092432498931885, "passed": true}, "5": {"execution_time": 0.5386202335357666, "passed": true}, "6": {"execution_time": 0.5399277210235596, "passed": true}, "7": {"execution_time": 0.5355119705200195, "passed": true}, "8": {"execution_time": 0.3004589080810547, "passed": true}, "9": {"execution_time": 0.5284311771392822, "passed": true}, "10": {"execution_time": 0.584296464920044, "passed": true}, "11": {"execution_time": 3.7038257122039795, "passed": true}, "12": {"execution_time": 0.5389440059661865, "passed": true}, "13": {"execution_time": 0.2510056495666504, "passed": true}, "14": {"execution_time": 0.5369386672973633, "passed": true}, "15": {"execution_time": 0.5539810657501221, "passed": true}, "16": {"execution_time": 0.2847557067871094, "passed": true}, "17": {"execution_time": 0.2935910224914551, "passed": true}, "18": {"execution_time": 0.2917976379394531, "passed": true}, "19": {"execution_time": 0.30431532859802246, "passed": true}, "20": {"execution_time": 0.349168062210083, "passed": true}, "21": {"execution_time": 0.2692112922668457, "passed": true}, "22": {"execution_time": 0.2883784770965576, "passed": true}, "23": {"execution_time": 0.35431528091430664, "passed": true}, "24": {"execution_time": 0.20966386795043945, "passed": true}, "25": {"execution_time": 0.5988731384277344, "passed": true}, "26": {"execution_time": 0.5022666454315186, "passed": true}, "27": {"execution_time": 0.5970163345336914, "passed": true}, "28": {"execution_time": 1.0893268585205078, "passed": true}, "29": {"execution_time": 0.24530482292175293, "passed": true}}}, "check_style_score": "0/1"}