{"version": "1", "message": "ERROR: Hidden Testcases server unreachable.", "problem_id": "ads2_m6_a1_1", "user_id": "dvs-shashank", "score": {"sample": {"0": {"execution_time": 0.42064619064331055, "passed": false}, "1": {"execution_time": 0.37554359436035156, "passed": false}, "2": {"execution_time": 0.5547924041748047, "passed": false}, "3": {"execution_time": 0.36150193214416504, "passed": false}, "4": {"execution_time": 0.4483001232147217, "passed": false}, "5": {"execution_time": 0.49079227447509766, "passed": false}, "6": {"execution_time": 0.41964006423950195, "passed": true}, "7": {"execution_time": 0.2546720504760742, "passed": false}, "8": {"execution_time": 0.31673502922058105, "passed": false}, "9": {"execution_time": 0.2795274257659912, "passed": false}, "10": {"execution_time": 0.3354377746582031, "passed": true}, "11": {"execution_time": 0.5816709995269775, "passed": false}}}, "check_style_score": "0/1"}