{"version": "1", "message": "ERROR: Hidden Testcases server unreachable.", "problem_id": "ads2_m6_a1_1", "user_id": "dvs-shashank", "score": {"sample": {"0": {"execution_time": 0.26443958282470703, "passed": false}, "1": {"execution_time": 0.2341291904449463, "passed": false}, "2": {"execution_time": 0.22681879997253418, "passed": false}, "3": {"execution_time": 0.22485089302062988, "passed": false}, "4": {"execution_time": 0.251605749130249, "passed": false}, "5": {"execution_time": 0.23220348358154297, "passed": false}, "6": {"execution_time": 0.250929594039917, "passed": true}, "7": {"execution_time": 0.23789429664611816, "passed": false}, "8": {"execution_time": 0.2297201156616211, "passed": false}, "9": {"execution_time": 0.22780203819274902, "passed": false}, "10": {"execution_time": 0.23542022705078125, "passed": true}, "11": {"execution_time": 0.25140380859375, "passed": false}}}, "check_style_score": "0/1"}