{"version": "1", "message": "ERROR: Hidden Testcases server unreachable.", "problem_id": "ads2_m6_a1_1", "user_id": "dvs-shashank", "score": {"sample": {"0": {"execution_time": 0.25240063667297363, "passed": false}, "1": {"execution_time": 0.25423216819763184, "passed": false}, "2": {"execution_time": 0.2466416358947754, "passed": false}, "3": {"execution_time": 0.26152706146240234, "passed": false}, "4": {"execution_time": 0.22060489654541016, "passed": false}, "5": {"execution_time": 0.2515833377838135, "passed": false}, "6": {"execution_time": 0.26727724075317383, "passed": true}, "7": {"execution_time": 0.23498296737670898, "passed": false}, "8": {"execution_time": 0.26711177825927734, "passed": false}, "9": {"execution_time": 0.28339457511901855, "passed": false}, "10": {"execution_time": 0.25615644454956055, "passed": true}, "11": {"execution_time": 0.25089526176452637, "passed": false}}}, "check_style_score": "0/1"}