{"version": "1", "message": "ERROR: Hidden Testcases server unreachable.", "problem_id": "ads2_m6_a1_1", "user_id": "dvs-shashank", "score": {"sample": {"0": {"execution_time": 0.5193436145782471, "passed": false}, "1": {"execution_time": 0.4351227283477783, "passed": false}, "2": {"execution_time": 0.3964362144470215, "passed": false}, "3": {"execution_time": 0.4291191101074219, "passed": false}, "4": {"execution_time": 0.482388973236084, "passed": false}, "5": {"execution_time": 0.4402198791503906, "passed": false}, "6": {"execution_time": 0.3062875270843506, "passed": true}, "7": {"execution_time": 0.41028809547424316, "passed": false}, "8": {"execution_time": 0.5467355251312256, "passed": false}, "9": {"execution_time": 0.494748592376709, "passed": false}, "10": {"execution_time": 0.35769033432006836, "passed": true}, "11": {"execution_time": 0.3334009647369385, "passed": false}}}, "check_style_score": "0/1"}