{"version": "1", "message": "ERROR: Hidden Testcases server unreachable.", "problem_id": "ads2_m6_a1_1", "user_id": "dvs-shashank", "score": {"sample": {"0": {"execution_time": 0.2265031337738037, "passed": false}, "1": {"execution_time": 0.2543034553527832, "passed": false}, "2": {"execution_time": 0.30695414543151855, "passed": false}, "3": {"execution_time": 0.21460723876953125, "passed": false}, "4": {"execution_time": 0.2550971508026123, "passed": false}, "5": {"execution_time": 0.23386621475219727, "passed": false}, "6": {"execution_time": 0.2251119613647461, "passed": true}, "7": {"execution_time": 0.26751089096069336, "passed": false}, "8": {"execution_time": 0.27239441871643066, "passed": false}, "9": {"execution_time": 0.2536630630493164, "passed": false}, "10": {"execution_time": 0.2517666816711426, "passed": true}, "11": {"execution_time": 0.26532411575317383, "passed": false}}}, "check_style_score": "0/1"}